date,branch__name,total_sales,cash_amount,network_amount
2026-01-01,مكه كشك الدائري الرابع,3206.78,0.0,0.0
2026-01-01,فرع مكة العوالي,8732.0,0.0,0.0
2026-01-01,مكة كشك العوالي,5057.43,0.0,0.0
2026-01-01,مكة الرصيفة,11677.65,0.0,0.0
2026-01-01,مكة الشرايع,7767.78,0.0,0.0
2026-01-01,مكه العمرة,4131.96,0.0,0.0
2026-01-02,مكه كشك الدائري الرابع,3423.3,0.0,0.0
2026-01-02,فرع مكة العوالي,8855.7,0.0,0.0
2026-01-02,مكة كشك العوالي,4629.48,0.0,0.0
2026-01-02,مكة الرصيفة,8636.35,0.0,0.0
2026-01-02,مكة الشرايع,8844.78,0.0,0.0
2026-01-02,مكه العمرة,7299.56,0.0,0.0
2026-01-03,مكه كشك الدائري الرابع,2423.0,0.0,0.0
2026-01-03,فرع مكة العوالي,5324.61,0.0,0.0
2026-01-03,مكة كشك العوالي,3565.65,0.0,0.0
2026-01-03,مكة الرصيفة,9146.13,0.0,0.0
2026-01-03,مكة الشرايع,6646.0,0.0,0.0
2026-01-03,مكه العمرة,4554.74,0.0,0.0
2026-01-04,مكه كشك الدائري الرابع,2609.65,0.0,0.0
2026-01-04,فرع مكة العوالي,5366.87,0.0,0.0
2026-01-04,مكة كشك العوالي,3699.74,0.0,0.0
2026-01-04,مكة الرصيفة,8274.7,0.0,0.0
2026-01-04,مكة الشرايع,6893.48,0.0,0.0
2026-01-04,مكه العمرة,4565.7,0.0,0.0
2026-01-05,مكه كشك الدائري الرابع,2507.56,0.0,0.0
2026-01-05,فرع مكة العوالي,5983.7,0.0,0.0
2026-01-05,مكة كشك العوالي,4245.39,0.0,0.0
2026-01-05,مكة الرصيفة,8394.83,0.0,0.0
2026-01-05,مكة الشرايع,7115.48,0.0,0.0
2026-01-05,مكه العمرة,4277.87,0.0,0.0
2026-01-06,مكه كشك الدائري الرابع,2800.7,0.0,0.0
2026-01-06,فرع مكة العوالي,5970.7,0.0,0.0
2026-01-06,مكة كشك العوالي,4268.35,0.0,0.0
2026-01-06,مكة الرصيفة,7243.26,0.0,0.0
2026-01-06,مكة الشرايع,6006.39,0.0,0.0
2026-01-06,مكه العمرة,3870.35,0.0,0.0
2026-01-07,مكه كشك الدائري الرابع,3038.26,0.0,0.0
2026-01-07,فرع مكة العوالي,6667.0,0.0,0.0
2026-01-07,مكة كشك العوالي,4155.22,0.0,0.0
2026-01-07,مكة الرصيفة,8942.3,0.0,0.0
2026-01-07,مكة الشرايع,7243.56,0.0,0.0
2026-01-07,مكه العمرة,5154.87,0.0,0.0
2026-01-08,مكه كشك الدائري الرابع,2879.56,0.0,0.0
2026-01-08,فرع مكة العوالي,8043.3,0.0,0.0
2026-01-08,مكة كشك العوالي,4371.3,0.0,0.0
2026-01-08,مكة الرصيفة,9340.39,0.0,0.0
2026-01-08,مكة الشرايع,8078.96,0.0,0.0
2026-01-08,مكه العمرة,4405.74,0.0,0.0
2026-01-09,مكه كشك الدائري الرابع,3742.48,0.0,0.0
2026-01-09,فرع مكة العوالي,8832.22,0.0,0.0
2026-01-09,مكة كشك العوالي,4835.09,0.0,0.0
2026-01-09,مكة الرصيفة,7698.39,0.0,0.0
2026-01-09,مكة الشرايع,7725.26,0.0,0.0
2026-01-09,مكه العمرة,5445.17,0.0,0.0
2026-01-10,مكه كشك الدائري الرابع,2942.22,0.0,0.0
2026-01-10,فرع مكة العوالي,7824.04,0.0,0.0
2026-01-10,مكة كشك العوالي,4116.26,0.0,0.0
2026-01-10,مكة الرصيفة,8935.39,0.0,0.0
2026-01-10,مكة الشرايع,7641.0,0.0,0.0
2026-01-10,مكه العمرة,4840.43,0.0,0.0
2026-01-11,مكه كشك الدائري الرابع,3189.48,0.0,0.0
2026-01-11,فرع مكة العوالي,8703.78,0.0,0.0
2026-01-11,مكة كشك العوالي,4174.0,0.0,0.0
2026-01-11,مكة الرصيفة,8414.09,0.0,0.0
2026-01-11,مكة الشرايع,8971.09,0.0,0.0
2026-01-11,مكه العمرة,5289.83,0.0,0.0
2026-01-12,مكه كشك الدائري الرابع,2631.78,0.0,0.0
2026-01-12,فرع مكة العوالي,7185.35,0.0,0.0
2026-01-12,مكة كشك العوالي,4399.91,0.0,0.0
2026-01-12,مكة الرصيفة,9499.96,0.0,0.0
2026-01-12,مكة الشرايع,6881.22,0.0,0.0
2026-01-12,مكه العمرة,4966.78,0.0,0.0
2026-01-13,مكه كشك الدائري الرابع,2618.96,0.0,0.0
2026-01-13,فرع مكة العوالي,7353.91,0.0,0.0
2026-01-13,مكة كشك العوالي,4821.91,0.0,0.0
2026-01-13,مكة الرصيفة,8733.65,0.0,0.0
2026-01-13,مكة الشرايع,7772.09,0.0,0.0
2026-01-13,مكه العمرة,4170.39,0.0,0.0
2026-01-14,مكه كشك الدائري الرابع,2796.0,0.0,0.0
2026-01-14,فرع مكة العوالي,7041.96,0.0,0.0
2026-01-14,مكة كشك العوالي,4519.43,0.0,0.0
2026-01-14,مكة الرصيفة,8047.43,0.0,0.0
2026-01-14,مكة الشرايع,7295.96,0.0,0.0
2026-01-14,مكه العمرة,4206.09,0.0,0.0
2026-01-15,مكه كشك الدائري الرابع,3166.26,0.0,0.0
2026-01-15,فرع مكة العوالي,8870.22,0.0,0.0
2026-01-15,مكة كشك العوالي,4928.35,0.0,0.0
2026-01-15,مكة الرصيفة,8807.17,0.0,0.0
2026-01-15,مكة الشرايع,6808.09,0.0,0.0
2026-01-15,مكه العمرة,4153.65,0.0,0.0
2026-01-16,مكه كشك الدائري الرابع,3075.74,0.0,0.0
2026-01-16,فرع مكة العوالي,5204.09,0.0,0.0
2026-01-16,مكة كشك العوالي,5204.3,0.0,0.0
2026-01-16,مكة الرصيفة,7751.09,0.0,0.0
2026-01-16,مكة الشرايع,5641.09,0.0,0.0
2026-01-16,مكه العمرة,4539.78,0.0,0.0
2026-01-17,مكه كشك الدائري الرابع,2206.26,0.0,0.0
2026-01-17,فرع مكة العوالي,5117.0,0.0,0.0
2026-01-17,مكة كشك العوالي,4115.13,0.0,0.0
2026-01-17,مكة الرصيفة,6900.39,0.0,0.0
2026-01-17,مكة الشرايع,4905.87,0.0,0.0
2026-01-17,مكه العمرة,3148.65,0.0,0.0
2026-01-18,مكه كشك الدائري الرابع,2287.22,0.0,0.0
2026-01-18,فرع مكة العوالي,3593.48,0.0,0.0
2026-01-18,مكة كشك العوالي,3901.35,0.0,0.0
2026-01-18,مكة الرصيفة,5117.48,0.0,0.0
2026-01-18,مكة الشرايع,4537.04,0.0,0.0
2026-01-18,مكه العمرة,3687.3,0.0,0.0
2026-01-19,مكه كشك الدائري الرابع,2383.13,0.0,0.0
2026-01-19,فرع مكة العوالي,4408.3,0.0,0.0
2026-01-19,مكة كشك العوالي,3620.0,0.0,0.0
2026-01-19,مكة الرصيفة,6488.7,0.0,0.0
2026-01-19,مكة الشرايع,4683.26,0.0,0.0
2026-01-19,مكه العمرة,2790.09,0.0,0.0
2026-01-20,مكه كشك الدائري الرابع,2275.35,0.0,0.0
2026-01-20,فرع مكة العوالي,4093.3,0.0,0.0
2026-01-20,مكة كشك العوالي,3114.09,0.0,0.0
2026-01-20,مكة الرصيفة,5370.61,0.0,0.0
2026-01-20,مكة الشرايع,5286.74,0.0,0.0
2026-01-20,مكه العمرة,3511.04,0.0,0.0
2026-01-21,مكه كشك الدائري الرابع,2544.52,0.0,0.0
2026-01-21,فرع مكة العوالي,4280.57,0.0,0.0
2026-01-21,مكة كشك العوالي,3612.87,0.0,0.0
2026-01-21,مكة الرصيفة,6685.96,0.0,0.0
2026-01-21,مكة الشرايع,5059.87,0.0,0.0
2026-01-21,مكه العمرة,3279.83,0.0,0.0
2026-01-22,مكه كشك الدائري الرابع,2710.61,0.0,0.0
2026-01-22,فرع مكة العوالي,6161.13,0.0,0.0
2026-01-22,مكة كشك العوالي,3987.04,0.0,0.0
2026-01-22,مكة الرصيفة,7684.7,0.0,0.0
2026-01-22,مكة الشرايع,6529.83,0.0,0.0
2026-01-22,مكه العمرة,3397.39,0.0,0.0
2026-01-23,مكه كشك الدائري الرابع,3199.52,0.0,0.0
2026-01-23,فرع مكة العوالي,6544.65,0.0,0.0
2026-01-23,مكة كشك العوالي,3801.39,0.0,0.0
2026-01-23,مكة الرصيفة,7743.3,0.0,0.0
2026-01-23,مكة الشرايع,4950.91,0.0,0.0
2026-01-23,مكه العمرة,3497.52,0.0,0.0
2026-01-24,مكه كشك الدائري الرابع,1965.78,0.0,0.0
2026-01-24,فرع مكة العوالي,3995.65,0.0,0.0
2026-01-24,مكة كشك العوالي,2821.39,0.0,0.0
2026-01-24,مكة الرصيفة,6107.22,0.0,0.0
2026-01-24,مكة الشرايع,5313.56,0.0,0.0
2026-01-24,مكه العمرة,2723.74,0.0,0.0
2026-01-25,مكه كشك الدائري الرابع,2055.26,0.0,0.0
2026-01-25,فرع مكة العوالي,3288.48,0.0,0.0
2026-01-25,مكة كشك العوالي,3165.65,0.0,0.0
2026-01-25,مكة الرصيفة,6086.87,0.0,0.0
2026-01-25,مكة الشرايع,4665.78,0.0,0.0
2026-01-25,مكه العمرة,2978.61,0.0,0.0
2026-01-26,مكه كشك الدائري الرابع,2412.13,0.0,0.0
2026-01-26,فرع مكة العوالي,4542.7,0.0,0.0
2026-01-26,مكة كشك العوالي,3736.56,0.0,0.0
2026-01-26,مكة الرصيفة,6029.57,0.0,0.0
2026-01-26,مكة الشرايع,3924.65,0.0,0.0
2026-01-26,مكه العمرة,2463.09,0.0,0.0
2026-01-27,مكه كشك الدائري الرابع,2832.13,0.0,0.0
2026-01-27,فرع مكة العوالي,5100.74,0.0,0.0
2026-01-27,مكة كشك العوالي,4637.22,0.0,0.0
2026-01-27,مكة الرصيفة,8468.22,0.0,0.0
2026-01-27,مكة الشرايع,6245.22,0.0,0.0
2026-01-27,مكه العمرة,3429.83,0.0,0.0
2026-01-28,مكه كشك الدائري الرابع,2462.09,0.0,0.0
2026-01-28,فرع مكة العوالي,6133.13,0.0,0.0
2026-01-28,مكة كشك العوالي,4421.09,0.0,0.0
2026-01-28,مكة الرصيفة,8935.91,0.0,0.0
2026-01-28,مكة الشرايع,7206.09,0.0,0.0
2026-01-28,مكه العمرة,3328.39,0.0,0.0
2026-01-29,مكه كشك الدائري الرابع,3787.43,0.0,0.0
2026-01-29,فرع مكة العوالي,7895.09,0.0,0.0
2026-01-29,مكة كشك العوالي,4739.26,0.0,0.0
2026-01-29,مكة الرصيفة,9183.56,0.0,0.0
2026-01-29,مكة الشرايع,6213.39,0.0,0.0
2026-01-29,مكه العمرة,4369.43,0.0,0.0
2026-01-30,مكه كشك الدائري الرابع,4115.91,0.0,0.0
2026-01-30,فرع مكة العوالي,8623.61,0.0,0.0
2026-01-30,مكة كشك العوالي,4359.65,0.0,0.0
2026-01-30,مكة الرصيفة,7195.04,0.0,0.0
2026-01-30,مكة الشرايع,6765.65,0.0,0.0
2026-01-30,مكه العمرة,5545.52,0.0,0.0
2026-01-31,مكه كشك الدائري الرابع,2500.78,0.0,0.0
2026-01-31,فرع مكة العوالي,5476.61,0.0,0.0
2026-01-31,مكة كشك العوالي,3370.09,0.0,0.0
2026-01-31,مكة الرصيفة,6524.35,0.0,0.0
2026-01-31,مكة الشرايع,5624.65,0.0,0.0
2026-01-31,مكه العمرة,3728.26,0.0,0.0

# Total (صافي المبيعات): 981,459.30 SAR
